date,product,category,region,quantity,unit_price,revenue,quarter
2024-01-01,Gadget Y,Gadgets,West,29,44.85,1300.65,Q1
2024-01-01,Gizmo Pro,Gizmos,East,21,39.64,832.44,Q1
2024-01-01,Gadget X,Gadgets,West,11,174.57,1920.27,Q1
2024-01-02,Gadget X,Gadgets,West,22,20.72,455.84,Q1
2024-01-02,Gadget Y,Gadgets,West,30,50.34,1510.2,Q1
2024-01-02,Gadget Y,Gadgets,South,21,127.32,2673.72,Q1
2024-01-02,Gizmo Lite,Gizmos,East,44,14.38,632.72,Q1
2024-01-03,Widget B,Widgets,East,28,195.01,5460.28,Q1
2024-01-03,Gizmo Lite,Gizmos,West,47,127.49,5992.03,Q1
2024-01-03,Gadget Y,Gadgets,East,3,173.39,520.17,Q1
2024-01-04,Widget A,Widgets,North,39,12.52,488.28,Q1
2024-01-05,Gizmo Lite,Gizmos,South,9,13.03,117.27,Q1
2024-01-05,Gadget Y,Gadgets,East,28,93.63,2621.64,Q1
2024-01-05,Gadget Y,Gadgets,South,8,16.53,132.24,Q1
2024-01-05,Widget A,Widgets,West,36,44.62,1606.32,Q1
2024-01-06,Gizmo Lite,Gizmos,West,6,49.51,297.06,Q1
2024-01-06,Gizmo Lite,Gizmos,South,29,194.22,5632.38,Q1
2024-01-07,Widget B,Widgets,South,10,180.02,1800.2,Q1
2024-01-07,Gizmo Lite,Gizmos,South,23,108.96,2506.08,Q1
2024-01-07,Gizmo Pro,Gizmos,East,16,151.99,2431.84,Q1
2024-01-07,Gizmo Pro,Gizmos,West,24,77.78,1866.72,Q1
2024-01-08,Gadget Y,Gadgets,East,45,36.78,1655.1,Q1
2024-01-08,Gizmo Pro,Gizmos,North,1,12.97,12.97,Q1
2024-01-08,Widget A,Widgets,East,44,65.76,2893.44,Q1
2024-01-08,Gadget X,Gadgets,East,17,145.15,2467.55,Q1
2024-01-09,Gadget X,Gadgets,South,5,186.0,930.0,Q1
2024-01-10,Gadget Y,Gadgets,West,7,171.51,1200.57,Q1
2024-01-11,Widget A,Widgets,South,48,80.46,3862.08,Q1
2024-01-11,Gizmo Pro,Gizmos,South,35,122.35,4282.25,Q1
2024-01-12,Gadget X,Gadgets,East,1,82.76,82.76,Q1
2024-01-12,Gizmo Lite,Gizmos,South,3,154.55,463.65,Q1
2024-01-12,Gizmo Lite,Gizmos,East,39,17.68,689.52,Q1
2024-01-13,Widget B,Widgets,East,42,93.47,3925.74,Q1
2024-01-13,Widget A,Widgets,North,32,142.15,4548.8,Q1
2024-01-13,Gizmo Pro,Gizmos,West,15,153.55,2303.25,Q1
2024-01-14,Gadget X,Gadgets,South,22,177.29,3900.38,Q1
2024-01-15,Gizmo Lite,Gizmos,West,6,96.74,580.44,Q1
2024-01-16,Gadget Y,Gadgets,West,30,177.82,5334.6,Q1
2024-01-16,Widget B,Widgets,South,28,77.7,2175.6,Q1
2024-01-16,Widget A,Widgets,South,1,53.31,53.31,Q1
2024-01-16,Widget A,Widgets,East,13,173.54,2256.02,Q1
2024-01-17,Gadget X,Gadgets,North,9,102.12,919.08,Q1
2024-01-17,Gadget X,Gadgets,East,42,74.15,3114.3,Q1
2024-01-18,Gizmo Lite,Gizmos,North,32,108.57,3474.24,Q1
2024-01-18,Gadget Y,Gadgets,South,49,22.33,1094.17,Q1
2024-01-18,Gadget Y,Gadgets,South,12,57.84,694.08,Q1
2024-01-19,Widget A,Widgets,North,37,64.12,2372.44,Q1
2024-01-19,Gadget X,Gadgets,West,49,195.56,9582.44,Q1
2024-01-19,Gizmo Lite,Gizmos,North,23,62.94,1447.62,Q1
2024-01-20,Gadget X,Gadgets,South,2,110.88,221.76,Q1
2024-01-21,Gizmo Lite,Gizmos,East,32,122.61,3923.52,Q1
2024-01-21,Gadget X,Gadgets,West,17,148.36,2522.12,Q1
2024-01-21,Gizmo Pro,Gizmos,East,34,130.37,4432.58,Q1
2024-01-21,Widget A,Widgets,South,9,70.95,638.55,Q1
2024-01-22,Gizmo Pro,Gizmos,East,3,122.27,366.81,Q1
2024-01-22,Gadget Y,Gadgets,East,19,145.12,2757.28,Q1
2024-01-22,Gadget X,Gadgets,West,20,132.58,2651.6,Q1
2024-01-22,Widget A,Widgets,East,33,85.54,2822.82,Q1
2024-01-23,Widget A,Widgets,North,11,74.8,822.8,Q1
2024-01-23,Widget B,Widgets,South,23,112.88,2596.24,Q1
2024-01-24,Gadget Y,Gadgets,North,16,165.27,2644.32,Q1
2024-01-24,Gadget Y,Gadgets,West,49,55.95,2741.55,Q1
2024-01-24,Gizmo Lite,Gizmos,West,12,116.08,1392.96,Q1
2024-01-25,Widget A,Widgets,West,41,76.35,3130.35,Q1
2024-01-25,Gadget X,Gadgets,West,20,178.55,3571.0,Q1
2024-01-25,Widget A,Widgets,North,24,171.68,4120.32,Q1
2024-01-26,Gadget Y,Gadgets,South,38,137.11,5210.18,Q1
2024-01-26,Gadget X,Gadgets,East,48,29.28,1405.44,Q1
2024-01-26,Widget A,Widgets,South,29,63.94,1854.26,Q1
2024-01-26,Widget B,Widgets,West,2,141.46,282.92,Q1
2024-01-27,Widget A,Widgets,North,36,145.31,5231.16,Q1
2024-01-28,Gizmo Pro,Gizmos,West,48,151.83,7287.84,Q1
2024-01-28,Gadget X,Gadgets,West,17,68.53,1165.01,Q1
2024-01-29,Gadget X,Gadgets,South,22,60.39,1328.58,Q1
2024-01-29,Gizmo Lite,Gizmos,East,38,195.99,7447.62,Q1
2024-01-29,Gizmo Lite,Gizmos,South,8,129.92,1039.36,Q1
2024-01-29,Gizmo Pro,Gizmos,East,30,132.57,3977.1,Q1
2024-01-30,Widget A,Widgets,West,5,53.74,268.7,Q1
2024-01-30,Gadget X,Gadgets,North,4,14.62,58.48,Q1
2024-01-30,Widget A,Widgets,North,44,188.69,8302.36,Q1
2024-01-30,Gizmo Lite,Gizmos,North,6,80.33,481.98,Q1
2024-01-31,Gizmo Pro,Gizmos,East,49,115.03,5636.47,Q1
2024-02-01,Gadget Y,Gadgets,North,33,24.32,802.56,Q1
2024-02-01,Gizmo Pro,Gizmos,West,32,171.72,5495.04,Q1
2024-02-01,Gadget X,Gadgets,East,18,115.79,2084.22,Q1
2024-02-02,Widget B,Widgets,West,3,118.31,354.93,Q1
2024-02-02,Widget B,Widgets,East,32,137.52,4400.64,Q1
2024-02-03,Gadget X,Gadgets,North,42,176.7,7421.4,Q1
2024-02-03,Widget A,Widgets,West,9,143.47,1291.23,Q1
2024-02-04,Gizmo Pro,Gizmos,East,42,163.78,6878.76,Q1
2024-02-04,Widget B,Widgets,West,25,126.19,3154.75,Q1
2024-02-04,Widget B,Widgets,North,7,105.29,737.03,Q1
2024-02-05,Widget A,Widgets,West,8,143.37,1146.96,Q1
2024-02-05,Gizmo Lite,Gizmos,East,12,178.46,2141.52,Q1
2024-02-05,Gadget Y,Gadgets,East,34,27.86,947.24,Q1
2024-02-05,Gizmo Lite,Gizmos,South,25,39.46,986.5,Q1
2024-02-06,Gizmo Lite,Gizmos,South,22,57.55,1266.1,Q1
2024-02-07,Gizmo Lite,Gizmos,North,43,34.14,1468.02,Q1
2024-02-07,Gizmo Pro,Gizmos,East,44,193.4,8509.6,Q1
2024-02-08,Gizmo Lite,Gizmos,South,45,46.93,2111.85,Q1
2024-02-08,Gadget X,Gadgets,North,40,147.96,5918.4,Q1
2024-02-08,Widget B,Widgets,North,42,71.36,2997.12,Q1
2024-02-08,Gadget X,Gadgets,South,28,151.37,4238.36,Q1
2024-02-09,Widget B,Widgets,West,23,91.38,2101.74,Q1
2024-02-10,Widget A,Widgets,West,1,94.05,94.05,Q1
2024-02-11,Gizmo Lite,Gizmos,North,48,44.74,2147.52,Q1
2024-02-11,Gizmo Pro,Gizmos,East,1,191.42,191.42,Q1
2024-02-12,Gizmo Pro,Gizmos,East,22,148.71,3271.62,Q1
2024-02-12,Gadget Y,Gadgets,North,26,77.63,2018.38,Q1
2024-02-12,Gizmo Lite,Gizmos,North,29,32.05,929.45,Q1
2024-02-12,Widget A,Widgets,West,30,172.54,5176.2,Q1
2024-02-13,Gadget Y,Gadgets,West,16,28.59,457.44,Q1
2024-02-14,Gadget Y,Gadgets,North,33,98.29,3243.57,Q1
2024-02-15,Widget B,Widgets,West,10,190.34,1903.4,Q1
2024-02-15,Widget B,Widgets,East,31,12.91,400.21,Q1
2024-02-15,Widget B,Widgets,North,32,172.73,5527.36,Q1
2024-02-16,Gadget Y,Gadgets,East,16,23.41,374.56,Q1
2024-02-17,Widget A,Widgets,East,28,121.3,3396.4,Q1
2024-02-17,Gadget Y,Gadgets,East,24,138.66,3327.84,Q1
2024-02-18,Widget A,Widgets,East,33,164.13,5416.29,Q1
2024-02-18,Gizmo Pro,Gizmos,North,12,83.36,1000.32,Q1
2024-02-18,Widget B,Widgets,North,43,47.2,2029.6,Q1
2024-02-18,Gadget Y,Gadgets,North,31,81.68,2532.08,Q1
2024-02-19,Widget B,Widgets,South,35,73.95,2588.25,Q1
2024-02-19,Gizmo Pro,Gizmos,South,26,139.51,3627.26,Q1
2024-02-19,Widget B,Widgets,South,41,104.25,4274.25,Q1
2024-02-20,Widget B,Widgets,West,45,187.96,8458.2,Q1
2024-02-21,Widget A,Widgets,West,21,193.84,4070.64,Q1
2024-02-21,Widget B,Widgets,West,37,152.62,5646.94,Q1
2024-02-21,Gadget X,Gadgets,West,49,149.01,7301.49,Q1
2024-02-21,Widget B,Widgets,West,49,157.52,7718.48,Q1
2024-02-22,Gizmo Lite,Gizmos,North,32,173.1,5539.2,Q1
2024-02-22,Gizmo Pro,Gizmos,North,23,153.36,3527.28,Q1
2024-02-22,Gizmo Lite,Gizmos,West,17,111.52,1895.84,Q1
2024-02-23,Widget A,Widgets,East,22,66.55,1464.1,Q1
2024-02-23,Widget A,Widgets,North,36,12.06,434.16,Q1
2024-02-23,Gadget X,Gadgets,West,12,77.43,929.16,Q1
2024-02-23,Gizmo Lite,Gizmos,East,31,190.62,5909.22,Q1
2024-02-24,Gizmo Pro,Gizmos,North,5,65.71,328.55,Q1
2024-02-24,Gadget Y,Gadgets,East,21,152.95,3211.95,Q1
2024-02-25,Widget A,Widgets,South,39,27.33,1065.87,Q1
2024-02-25,Widget B,Widgets,South,39,199.23,7769.97,Q1
2024-02-25,Gizmo Pro,Gizmos,East,35,178.66,6253.1,Q1
2024-02-25,Gadget X,Gadgets,North,18,194.04,3492.72,Q1
2024-02-26,Widget B,Widgets,South,44,174.71,7687.24,Q1
2024-02-26,Gizmo Lite,Gizmos,North,13,52.29,679.77,Q1
2024-02-27,Gadget X,Gadgets,North,2,25.46,50.92,Q1
2024-02-27,Gizmo Lite,Gizmos,North,19,120.45,2288.55,Q1
2024-02-28,Gizmo Lite,Gizmos,North,17,189.98,3229.66,Q1
2024-02-29,Gadget Y,Gadgets,East,36,81.49,2933.64,Q1
2024-03-01,Gizmo Pro,Gizmos,East,44,116.1,5108.4,Q1
2024-03-01,Widget B,Widgets,South,26,72.75,1891.5,Q1
2024-03-01,Gadget X,Gadgets,West,45,12.16,547.2,Q1
2024-03-02,Widget B,Widgets,North,20,32.58,651.6,Q1
2024-03-02,Widget A,Widgets,North,39,151.75,5918.25,Q1
2024-03-03,Gizmo Lite,Gizmos,North,49,25.75,1261.75,Q1
2024-03-03,Gizmo Lite,Gizmos,North,6,162.4,974.4,Q1
2024-03-03,Gizmo Pro,Gizmos,South,47,179.32,8428.04,Q1
2024-03-03,Gizmo Pro,Gizmos,West,11,184.63,2030.93,Q1
2024-03-04,Gadget X,Gadgets,East,20,24.33,486.6,Q1
2024-03-04,Widget A,Widgets,East,49,142.19,6967.31,Q1
2024-03-04,Widget A,Widgets,North,3,181.22,543.66,Q1
2024-03-05,Gadget Y,Gadgets,West,10,190.58,1905.8,Q1
2024-03-05,Gizmo Lite,Gizmos,North,12,30.28,363.36,Q1
2024-03-05,Widget B,Widgets,West,28,132.9,3721.2,Q1
2024-03-06,Gadget Y,Gadgets,North,28,24.77,693.56,Q1
2024-03-06,Gadget Y,Gadgets,North,27,142.65,3851.55,Q1
2024-03-07,Widget A,Widgets,West,20,124.53,2490.6,Q1
2024-03-08,Gizmo Pro,Gizmos,South,46,24.48,1126.08,Q1
2024-03-09,Gadget X,Gadgets,South,5,126.55,632.75,Q1
2024-03-09,Widget B,Widgets,North,30,174.55,5236.5,Q1
2024-03-10,Widget A,Widgets,East,1,101.27,101.27,Q1
2024-03-11,Gadget X,Gadgets,North,21,152.42,3200.82,Q1
2024-03-12,Gadget X,Gadgets,North,27,118.13,3189.51,Q1
2024-03-12,Widget B,Widgets,North,41,88.82,3641.62,Q1
2024-03-13,Gizmo Lite,Gizmos,East,28,164.45,4604.6,Q1
2024-03-14,Gizmo Lite,Gizmos,North,3,115.53,346.59,Q1
2024-03-15,Gizmo Pro,Gizmos,North,10,171.43,1714.3,Q1
2024-03-16,Gizmo Lite,Gizmos,East,9,34.54,310.86,Q1
2024-03-17,Gizmo Pro,Gizmos,North,4,53.44,213.76,Q1
2024-03-18,Widget B,Widgets,East,28,61.05,1709.4,Q1
2024-03-18,Widget B,Widgets,East,34,100.48,3416.32,Q1
2024-03-18,Gadget X,Gadgets,West,12,165.11,1981.32,Q1
2024-03-18,Gizmo Pro,Gizmos,North,30,176.56,5296.8,Q1
2024-03-19,Gizmo Pro,Gizmos,East,21,131.48,2761.08,Q1
2024-03-20,Gizmo Lite,Gizmos,South,34,76.61,2604.74,Q1
2024-03-20,Widget B,Widgets,East,30,115.41,3462.3,Q1
2024-03-20,Widget B,Widgets,East,38,95.67,3635.46,Q1
2024-03-21,Gizmo Lite,Gizmos,North,42,173.85,7301.7,Q1
2024-03-21,Gizmo Pro,Gizmos,North,4,97.28,389.12,Q1
2024-03-21,Widget B,Widgets,West,17,59.07,1004.19,Q1
2024-03-21,Gizmo Pro,Gizmos,South,34,127.95,4350.3,Q1
2024-03-22,Gizmo Lite,Gizmos,East,43,120.13,5165.59,Q1
2024-03-23,Widget A,Widgets,East,23,34.33,789.59,Q1
2024-03-23,Gadget X,Gadgets,West,16,131.77,2108.32,Q1
2024-03-23,Gadget Y,Gadgets,East,25,180.39,4509.75,Q1
2024-03-24,Gizmo Pro,Gizmos,South,32,42.74,1367.68,Q1
2024-03-24,Gadget X,Gadgets,South,19,166.14,3156.66,Q1
2024-03-24,Gadget Y,Gadgets,North,42,43.63,1832.46,Q1
2024-03-25,Widget A,Widgets,South,5,97.55,487.75,Q1
2024-03-25,Gizmo Lite,Gizmos,South,34,34.46,1171.64,Q1
2024-03-26,Gadget X,Gadgets,East,9,27.54,247.86,Q1
2024-03-27,Gizmo Lite,Gizmos,East,47,107.21,5038.87,Q1
2024-03-28,Gizmo Pro,Gizmos,North,17,62.61,1064.37,Q1
2024-03-28,Widget A,Widgets,East,35,45.06,1577.1,Q1
2024-03-28,Gizmo Lite,Gizmos,East,14,127.47,1784.58,Q1
2024-03-29,Widget B,Widgets,East,45,21.84,982.8,Q1
2024-03-29,Gadget X,Gadgets,East,7,140.56,983.92,Q1
2024-03-30,Gadget X,Gadgets,South,47,15.79,742.13,Q1
2024-03-30,Widget B,Widgets,East,38,111.2,4225.6,Q1
2024-03-31,Widget A,Widgets,East,37,44.63,1651.31,Q1
2024-03-31,Widget A,Widgets,South,17,50.18,853.06,Q1
2024-03-31,Gizmo Lite,Gizmos,North,44,54.31,2389.64,Q1
2024-03-31,Gadget Y,Gadgets,East,25,139.03,3475.75,Q1
2024-04-01,Gizmo Pro,Gizmos,East,18,26.51,477.18,Q2
2024-04-02,Widget B,Widgets,North,47,151.63,7126.61,Q2
2024-04-02,Gadget Y,Gadgets,North,19,81.97,1557.43,Q2
2024-04-03,Gadget Y,Gadgets,East,26,125.44,3261.44,Q2
2024-04-03,Gadget X,Gadgets,North,45,72.77,3274.65,Q2
2024-04-04,Gizmo Pro,Gizmos,South,22,52.81,1161.82,Q2
2024-04-05,Gadget Y,Gadgets,South,30,45.45,1363.5,Q2
2024-04-05,Gizmo Lite,Gizmos,North,31,20.57,637.67,Q2
2024-04-05,Gadget X,Gadgets,West,31,87.98,2727.38,Q2
2024-04-06,Gizmo Lite,Gizmos,East,2,119.44,238.88,Q2
2024-04-06,Gadget Y,Gadgets,North,15,165.24,2478.6,Q2
2024-04-06,Gizmo Lite,Gizmos,North,38,137.04,5207.52,Q2
2024-04-06,Widget B,Widgets,South,15,111.66,1674.9,Q2
2024-04-07,Gizmo Pro,Gizmos,South,44,48.96,2154.24,Q2
2024-04-07,Gizmo Lite,Gizmos,North,4,90.83,363.32,Q2
2024-04-07,Gadget Y,Gadgets,North,49,110.67,5422.83,Q2
2024-04-08,Gizmo Lite,Gizmos,East,38,120.44,4576.72,Q2
2024-04-08,Gadget Y,Gadgets,North,13,111.19,1445.47,Q2
2024-04-09,Widget B,Widgets,South,10,114.23,1142.3,Q2
2024-04-09,Gadget Y,Gadgets,South,2,71.25,142.5,Q2
2024-04-10,Widget A,Widgets,North,37,10.52,389.24,Q2
2024-04-10,Gadget X,Gadgets,East,15,99.6,1494.0,Q2
2024-04-10,Gadget X,Gadgets,North,30,30.27,908.1,Q2
2024-04-10,Gizmo Lite,Gizmos,North,44,87.62,3855.28,Q2
2024-04-11,Gadget X,Gadgets,East,9,48.95,440.55,Q2
2024-04-11,Gadget X,Gadgets,South,1,150.81,150.81,Q2
2024-04-11,Gadget Y,Gadgets,North,29,36.56,1060.24,Q2
2024-04-11,Gizmo Pro,Gizmos,East,14,161.91,2266.74,Q2
2024-04-12,Gizmo Pro,Gizmos,South,5,54.78,273.9,Q2
2024-04-13,Gizmo Lite,Gizmos,South,4,70.08,280.32,Q2
2024-04-13,Widget A,Widgets,East,18,165.15,2972.7,Q2
2024-04-14,Gizmo Lite,Gizmos,South,32,97.91,3133.12,Q2
2024-04-14,Widget A,Widgets,North,23,93.36,2147.28,Q2
2024-04-14,Widget A,Widgets,East,17,180.92,3075.64,Q2
2024-04-14,Widget B,Widgets,West,14,22.66,317.24,Q2
2024-04-15,Gadget X,Gadgets,East,6,188.57,1131.42,Q2
2024-04-15,Gadget X,Gadgets,West,8,141.81,1134.48,Q2
2024-04-15,Gizmo Pro,Gizmos,East,33,111.36,3674.88,Q2
2024-04-16,Gadget Y,Gadgets,North,29,38.82,1125.78,Q2
2024-04-16,Gizmo Pro,Gizmos,North,37,157.93,5843.41,Q2
2024-04-16,Gizmo Lite,Gizmos,South,4,118.28,473.12,Q2
2024-04-17,Gadget X,Gadgets,South,10,75.0,750.0,Q2
2024-04-18,Gadget Y,Gadgets,West,45,34.22,1539.9,Q2
2024-04-19,Gizmo Pro,Gizmos,East,8,38.48,307.84,Q2
2024-04-19,Gadget Y,Gadgets,East,12,156.66,1879.92,Q2
2024-04-19,Gadget X,Gadgets,East,36,113.12,4072.32,Q2
2024-04-20,Gizmo Pro,Gizmos,South,20,44.5,890.0,Q2
2024-04-20,Gizmo Lite,Gizmos,East,6,86.16,516.96,Q2
2024-04-20,Widget B,Widgets,South,46,126.84,5834.64,Q2
2024-04-21,Gizmo Lite,Gizmos,East,18,126.18,2271.24,Q2
2024-04-22,Gadget Y,Gadgets,West,43,187.1,8045.3,Q2
2024-04-22,Gadget Y,Gadgets,West,5,185.27,926.35,Q2
2024-04-22,Widget B,Widgets,South,49,119.49,5855.01,Q2
2024-04-22,Widget A,Widgets,North,29,29.81,864.49,Q2
2024-04-23,Gadget X,Gadgets,North,23,33.33,766.59,Q2
2024-04-23,Gizmo Pro,Gizmos,South,26,169.39,4404.14,Q2
2024-04-24,Widget A,Widgets,East,1,175.28,175.28,Q2
2024-04-24,Gadget X,Gadgets,East,40,125.5,5020.0,Q2
2024-04-24,Widget A,Widgets,North,9,49.06,441.54,Q2
2024-04-25,Widget B,Widgets,West,41,31.71,1300.11,Q2
2024-04-26,Widget B,Widgets,East,11,185.36,2038.96,Q2
2024-04-27,Gadget X,Gadgets,West,34,184.51,6273.34,Q2
2024-04-27,Gadget X,Gadgets,South,44,183.42,8070.48,Q2
2024-04-28,Widget A,Widgets,North,7,41.45,290.15,Q2
2024-04-28,Widget A,Widgets,East,49,158.29,7756.21,Q2
2024-04-28,Gizmo Lite,Gizmos,North,26,12.49,324.74,Q2
2024-04-28,Widget A,Widgets,North,7,195.35,1367.45,Q2
2024-04-29,Gadget Y,Gadgets,North,22,26.22,576.84,Q2
2024-04-30,Widget A,Widgets,North,7,123.12,861.84,Q2
2024-04-30,Gizmo Lite,Gizmos,West,23,91.09,2095.07,Q2
2024-04-30,Gadget X,Gadgets,North,32,98.96,3166.72,Q2
2024-04-30,Gizmo Pro,Gizmos,West,29,99.69,2891.01,Q2
2024-05-01,Widget B,Widgets,East,1,157.35,157.35,Q2
2024-05-01,Widget B,Widgets,North,2,111.55,223.1,Q2
2024-05-01,Widget B,Widgets,East,30,116.33,3489.9,Q2
2024-05-02,Widget A,Widgets,East,8,173.74,1389.92,Q2
2024-05-02,Gadget X,Gadgets,East,32,61.74,1975.68,Q2
2024-05-02,Gizmo Lite,Gizmos,East,34,87.66,2980.44,Q2
2024-05-02,Gadget Y,Gadgets,North,32,146.03,4672.96,Q2
2024-05-03,Widget A,Widgets,East,3,53.9,161.7,Q2
2024-05-03,Gizmo Pro,Gizmos,East,8,29.78,238.24,Q2
2024-05-03,Gizmo Pro,Gizmos,West,3,178.62,535.86,Q2
2024-05-03,Widget B,Widgets,South,35,56.2,1967.0,Q2
2024-05-04,Gizmo Lite,Gizmos,West,43,192.9,8294.7,Q2
2024-05-04,Gizmo Pro,Gizmos,East,21,87.21,1831.41,Q2
2024-05-04,Widget B,Widgets,North,7,130.32,912.24,Q2
2024-05-04,Gizmo Pro,Gizmos,East,19,33.33,633.27,Q2
2024-05-05,Gizmo Pro,Gizmos,East,18,179.61,3232.98,Q2
2024-05-05,Gizmo Pro,Gizmos,East,20,73.81,1476.2,Q2
2024-05-05,Widget B,Widgets,West,3,122.16,366.48,Q2
2024-05-05,Gadget Y,Gadgets,West,5,75.59,377.95,Q2
2024-05-06,Widget A,Widgets,East,34,173.6,5902.4,Q2
2024-05-06,Gadget Y,Gadgets,North,22,158.15,3479.3,Q2
2024-05-07,Gizmo Lite,Gizmos,West,46,99.5,4577.0,Q2
2024-05-07,Widget A,Widgets,West,17,61.05,1037.85,Q2
2024-05-08,Gizmo Pro,Gizmos,South,25,59.0,1475.0,Q2
2024-05-08,Gizmo Lite,Gizmos,South,43,90.12,3875.16,Q2
2024-05-09,Gizmo Pro,Gizmos,North,45,141.33,6359.85,Q2
2024-05-09,Gadget X,Gadgets,North,6,183.72,1102.32,Q2
2024-05-10,Gadget Y,Gadgets,North,41,62.07,2544.87,Q2
2024-05-10,Gizmo Pro,Gizmos,West,25,104.52,2613.0,Q2
2024-05-11,Gizmo Pro,Gizmos,East,42,36.6,1537.2,Q2
2024-05-11,Widget A,Widgets,West,31,176.04,5457.24,Q2
2024-05-11,Widget B,Widgets,North,12,130.29,1563.48,Q2
2024-05-12,Widget B,Widgets,North,45,169.24,7615.8,Q2
2024-05-12,Gadget Y,Gadgets,West,46,18.92,870.32,Q2
2024-05-12,Gizmo Lite,Gizmos,North,43,45.03,1936.29,Q2
2024-05-13,Gadget X,Gadgets,East,26,22.97,597.22,Q2
2024-05-13,Gadget X,Gadgets,East,36,146.62,5278.32,Q2
2024-05-13,Gadget X,Gadgets,West,34,85.36,2902.24,Q2
2024-05-13,Gizmo Lite,Gizmos,North,22,149.19,3282.18,Q2
2024-05-14,Gadget Y,Gadgets,East,47,59.83,2812.01,Q2
2024-05-14,Gadget Y,Gadgets,East,43,170.82,7345.26,Q2
2024-05-15,Gadget X,Gadgets,South,34,128.43,4366.62,Q2
2024-05-16,Widget A,Widgets,North,9,76.79,691.11,Q2
2024-05-17,Gizmo Pro,Gizmos,North,43,123.67,5317.81,Q2
2024-05-18,Gadget X,Gadgets,West,3,24.78,74.34,Q2
2024-05-18,Gadget Y,Gadgets,West,30,11.0,330.0,Q2
2024-05-18,Gadget X,Gadgets,East,37,27.4,1013.8,Q2
2024-05-19,Gizmo Pro,Gizmos,East,17,190.55,3239.35,Q2
2024-05-20,Gadget Y,Gadgets,West,16,175.86,2813.76,Q2
2024-05-21,Gizmo Pro,Gizmos,South,17,135.17,2297.89,Q2
2024-05-21,Gizmo Lite,Gizmos,North,8,57.44,459.52,Q2
2024-05-21,Gadget Y,Gadgets,North,15,141.7,2125.5,Q2
2024-05-22,Widget B,Widgets,West,47,18.39,864.33,Q2
2024-05-23,Widget A,Widgets,South,23,115.6,2658.8,Q2
2024-05-23,Widget B,Widgets,North,7,16.45,115.15,Q2
2024-05-23,Widget A,Widgets,East,48,31.9,1531.2,Q2
2024-05-24,Gizmo Pro,Gizmos,West,18,151.56,2728.08,Q2
2024-05-24,Gadget X,Gadgets,East,18,109.26,1966.68,Q2
2024-05-24,Widget A,Widgets,East,14,123.29,1726.06,Q2
2024-05-25,Gadget Y,Gadgets,North,45,24.62,1107.9,Q2
2024-05-25,Gadget X,Gadgets,East,40,93.8,3752.0,Q2
2024-05-25,Gadget Y,Gadgets,North,39,69.91,2726.49,Q2
2024-05-25,Gadget Y,Gadgets,North,29,135.71,3935.59,Q2
2024-05-26,Widget A,Widgets,West,16,91.1,1457.6,Q2
2024-05-26,Gizmo Lite,Gizmos,South,2,14.64,29.28,Q2
2024-05-27,Gizmo Lite,Gizmos,West,13,110.5,1436.5,Q2
2024-05-27,Gadget X,Gadgets,North,39,11.8,460.2,Q2
2024-05-28,Widget A,Widgets,West,29,17.14,497.06,Q2
2024-05-28,Widget A,Widgets,East,16,176.0,2816.0,Q2
2024-05-29,Widget B,Widgets,East,30,89.38,2681.4,Q2
2024-05-30,Gizmo Pro,Gizmos,East,1,55.37,55.37,Q2
2024-05-30,Gizmo Pro,Gizmos,South,14,66.43,930.02,Q2
2024-05-30,Gadget Y,Gadgets,North,18,54.39,979.02,Q2
2024-05-30,Widget A,Widgets,East,46,18.57,854.22,Q2
2024-05-31,Widget A,Widgets,East,24,33.64,807.36,Q2
2024-06-01,Gizmo Pro,Gizmos,South,37,26.99,998.63,Q2
2024-06-01,Gizmo Lite,Gizmos,North,24,98.81,2371.44,Q2
2024-06-02,Widget A,Widgets,East,7,198.32,1388.24,Q2
2024-06-02,Gadget Y,Gadgets,North,29,133.43,3869.47,Q2
2024-06-03,Gizmo Pro,Gizmos,South,46,53.83,2476.18,Q2
2024-06-03,Widget A,Widgets,South,26,16.98,441.48,Q2
2024-06-03,Gadget X,Gadgets,South,6,162.15,972.9,Q2
2024-06-04,Widget A,Widgets,South,9,186.27,1676.43,Q2
2024-06-04,Widget A,Widgets,South,42,107.9,4531.8,Q2
2024-06-04,Gizmo Lite,Gizmos,West,17,39.24,667.08,Q2
2024-06-05,Gizmo Lite,Gizmos,East,13,52.53,682.89,Q2
2024-06-05,Widget A,Widgets,North,9,180.04,1620.36,Q2
2024-06-05,Widget B,Widgets,East,11,176.72,1943.92,Q2
2024-06-06,Gadget Y,Gadgets,North,29,178.86,5186.94,Q2
2024-06-06,Widget B,Widgets,East,12,16.73,200.76,Q2
2024-06-06,Widget A,Widgets,South,5,149.69,748.45,Q2
2024-06-07,Gadget Y,Gadgets,East,15,10.97,164.55,Q2
2024-06-07,Gizmo Pro,Gizmos,South,48,104.22,5002.56,Q2
2024-06-07,Gizmo Pro,Gizmos,North,48,139.82,6711.36,Q2
2024-06-07,Gizmo Pro,Gizmos,North,17,21.69,368.73,Q2
2024-06-08,Gizmo Lite,Gizmos,East,29,182.24,5284.96,Q2
2024-06-08,Widget B,Widgets,North,40,117.49,4699.6,Q2
2024-06-08,Widget A,Widgets,West,6,109.04,654.24,Q2
2024-06-08,Gadget Y,Gadgets,West,33,39.89,1316.37,Q2
2024-06-09,Gizmo Pro,Gizmos,North,43,55.35,2380.05,Q2
2024-06-10,Gadget Y,Gadgets,East,27,153.02,4131.54,Q2
2024-06-10,Gizmo Pro,Gizmos,North,43,192.65,8283.95,Q2
2024-06-11,Widget B,Widgets,North,10,165.79,1657.9,Q2
2024-06-11,Gizmo Lite,Gizmos,West,39,40.54,1581.06,Q2
2024-06-11,Widget B,Widgets,West,14,153.76,2152.64,Q2
2024-06-12,Widget B,Widgets,East,32,25.98,831.36,Q2
2024-06-12,Widget A,Widgets,East,41,130.04,5331.64,Q2
2024-06-12,Widget B,Widgets,West,24,165.55,3973.2,Q2
2024-06-13,Gadget X,Gadgets,North,30,13.5,405.0,Q2
2024-06-13,Widget B,Widgets,South,28,130.2,3645.6,Q2
2024-06-14,Gizmo Pro,Gizmos,West,22,188.07,4137.54,Q2
2024-06-15,Widget B,Widgets,North,4,67.18,268.72,Q2
2024-06-15,Gadget Y,Gadgets,South,22,144.63,3181.86,Q2
2024-06-15,Widget A,Widgets,East,22,127.97,2815.34,Q2
2024-06-15,Widget B,Widgets,North,14,194.96,2729.44,Q2
2024-06-16,Gadget Y,Gadgets,West,35,122.94,4302.9,Q2
2024-06-16,Gizmo Pro,Gizmos,East,11,166.09,1826.99,Q2
2024-06-16,Gadget X,Gadgets,South,11,139.83,1538.13,Q2
2024-06-16,Widget B,Widgets,West,46,99.02,4554.92,Q2
2024-06-17,Gadget X,Gadgets,East,13,172.3,2239.9,Q2
2024-06-18,Gizmo Pro,Gizmos,West,29,66.69,1934.01,Q2
2024-06-18,Widget B,Widgets,South,47,139.29,6546.63,Q2
2024-06-18,Gadget X,Gadgets,South,27,174.93,4723.11,Q2
2024-06-19,Gadget Y,Gadgets,West,29,189.29,5489.41,Q2
2024-06-19,Gizmo Pro,Gizmos,North,20,85.54,1710.8,Q2
2024-06-19,Gizmo Pro,Gizmos,South,3,69.27,207.81,Q2
2024-06-19,Gadget Y,Gadgets,North,38,53.69,2040.22,Q2
2024-06-20,Widget A,Widgets,South,25,145.84,3646.0,Q2
2024-06-20,Gadget Y,Gadgets,West,16,113.21,1811.36,Q2
2024-06-20,Gizmo Lite,Gizmos,North,25,175.04,4376.0,Q2
2024-06-21,Gadget X,Gadgets,East,46,110.77,5095.42,Q2
2024-06-21,Gadget X,Gadgets,North,29,34.94,1013.26,Q2
2024-06-21,Gadget Y,Gadgets,East,3,45.24,135.72,Q2
2024-06-21,Widget A,Widgets,North,30,32.29,968.7,Q2
2024-06-22,Gadget Y,Gadgets,South,20,91.76,1835.2,Q2
2024-06-22,Widget A,Widgets,North,22,120.57,2652.54,Q2
2024-06-23,Gadget X,Gadgets,North,13,38.42,499.46,Q2
2024-06-23,Widget B,Widgets,South,30,84.57,2537.1,Q2
2024-06-24,Gizmo Lite,Gizmos,North,32,134.83,4314.56,Q2
2024-06-24,Widget A,Widgets,East,38,182.49,6934.62,Q2
2024-06-24,Gizmo Lite,Gizmos,West,24,37.73,905.52,Q2
2024-06-25,Gizmo Lite,Gizmos,South,32,13.49,431.68,Q2
2024-06-26,Gadget Y,Gadgets,West,20,75.74,1514.8,Q2
2024-06-26,Widget B,Widgets,North,33,108.37,3576.21,Q2
2024-06-27,Gizmo Pro,Gizmos,West,30,16.31,489.3,Q2
2024-06-28,Gizmo Lite,Gizmos,East,39,35.22,1373.58,Q2
2024-06-28,Widget B,Widgets,East,46,141.71,6518.66,Q2
2024-06-29,Widget B,Widgets,East,44,29.87,1314.28,Q2
2024-06-29,Gizmo Pro,Gizmos,North,3,180.28,540.84,Q2
2024-06-30,Widget A,Widgets,North,39,126.46,4931.94,Q2
2024-06-30,Widget B,Widgets,South,12,175.48,2105.76,Q2
2024-07-01,Gizmo Lite,Gizmos,East,20,74.5,1490.0,Q3
2024-07-01,Gadget X,Gadgets,South,20,115.07,2301.4,Q3
2024-07-01,Widget B,Widgets,East,22,95.94,2110.68,Q3
2024-07-01,Widget A,Widgets,South,42,93.34,3920.28,Q3
2024-07-02,Gadget Y,Gadgets,North,23,133.56,3071.88,Q3
2024-07-02,Gizmo Pro,Gizmos,West,57,195.41,11138.37,Q3
2024-07-03,Gizmo Pro,Gizmos,South,96,104.66,10047.36,Q3
2024-07-04,Widget B,Widgets,West,19,53.41,1014.79,Q3
2024-07-04,Widget A,Widgets,East,3,25.49,76.47,Q3
2024-07-05,Gizmo Pro,Gizmos,East,87,89.5,7786.5,Q3
2024-07-05,Widget A,Widgets,South,7,97.9,685.3,Q3
2024-07-05,Gizmo Pro,Gizmos,West,93,89.02,8278.86,Q3
2024-07-06,Gizmo Pro,Gizmos,South,12,149.72,1796.64,Q3
2024-07-06,Gadget Y,Gadgets,East,24,113.23,2717.52,Q3
2024-07-06,Widget A,Widgets,South,36,15.58,560.88,Q3
2024-07-06,Gadget Y,Gadgets,West,2,123.57,247.14,Q3
2024-07-07,Widget B,Widgets,South,12,82.93,995.16,Q3
2024-07-07,Gizmo Pro,Gizmos,South,45,54.8,2466.0,Q3
2024-07-08,Gadget Y,Gadgets,South,48,124.35,5968.8,Q3
2024-07-08,Gadget Y,Gadgets,East,14,194.57,2723.98,Q3
2024-07-08,Gizmo Pro,Gizmos,North,15,23.14,347.1,Q3
2024-07-08,Gizmo Lite,Gizmos,East,47,122.65,5764.55,Q3
2024-07-09,Gadget Y,Gadgets,North,2,28.1,56.2,Q3
2024-07-10,Widget A,Widgets,North,28,59.05,1653.4,Q3
2024-07-10,Gizmo Pro,Gizmos,West,3,156.96,470.88,Q3
2024-07-10,Gadget Y,Gadgets,East,45,55.04,2476.8,Q3
2024-07-11,Widget B,Widgets,West,3,93.98,281.94,Q3
2024-07-11,Widget B,Widgets,South,29,74.03,2146.87,Q3
2024-07-11,Widget A,Widgets,West,1,95.39,95.39,Q3
2024-07-12,Gadget Y,Gadgets,South,1,57.98,57.98,Q3
2024-07-12,Gadget Y,Gadgets,North,28,16.97,475.16,Q3
2024-07-12,Gizmo Pro,Gizmos,North,36,100.18,3606.48,Q3
2024-07-13,Gadget Y,Gadgets,South,28,174.2,4877.6,Q3
2024-07-13,Gadget Y,Gadgets,South,20,61.25,1225.0,Q3
2024-07-13,Widget A,Widgets,North,37,187.96,6954.52,Q3
2024-07-13,Widget A,Widgets,North,35,95.92,3357.2,Q3
2024-07-14,Gizmo Pro,Gizmos,South,99,106.37,10530.63,Q3
2024-07-14,Gadget Y,Gadgets,South,42,85.5,3591.0,Q3
2024-07-14,Gadget X,Gadgets,North,43,13.3,571.9,Q3
2024-07-15,Gizmo Pro,Gizmos,East,117,96.4,11278.8,Q3
2024-07-15,Gadget X,Gadgets,West,23,136.7,3144.1,Q3
2024-07-16,Gizmo Lite,Gizmos,South,45,37.27,1677.15,Q3
2024-07-16,Widget B,Widgets,North,8,194.28,1554.24,Q3
2024-07-16,Gizmo Pro,Gizmos,East,96,54.57,5238.72,Q3
2024-07-17,Widget B,Widgets,South,1,169.24,169.24,Q3
2024-07-17,Gadget X,Gadgets,South,10,13.33,133.3,Q3
2024-07-18,Widget B,Widgets,North,8,174.28,1394.24,Q3
2024-07-19,Gadget X,Gadgets,West,8,161.15,1289.2,Q3
2024-07-19,Widget A,Widgets,West,1,50.98,50.98,Q3
2024-07-19,Gizmo Lite,Gizmos,South,48,133.73,6419.04,Q3
2024-07-19,Gizmo Lite,Gizmos,West,28,40.26,1127.28,Q3
2024-07-20,Widget A,Widgets,West,33,87.31,2881.23,Q3
2024-07-20,Gizmo Pro,Gizmos,East,27,27.19,734.13,Q3
2024-07-21,Gadget X,Gadgets,South,4,133.6,534.4,Q3
2024-07-22,Gadget Y,Gadgets,South,38,93.25,3543.5,Q3
2024-07-22,Widget B,Widgets,East,13,161.58,2100.54,Q3
2024-07-23,Gadget X,Gadgets,South,1,32.84,32.84,Q3
2024-07-24,Widget A,Widgets,West,21,71.67,1505.07,Q3
2024-07-24,Widget B,Widgets,East,7,117.05,819.35,Q3
2024-07-24,Gadget Y,Gadgets,North,29,95.25,2762.25,Q3
2024-07-25,Widget A,Widgets,South,35,53.18,1861.3,Q3
2024-07-25,Gadget X,Gadgets,South,35,42.0,1470.0,Q3
2024-07-25,Widget B,Widgets,East,2,98.06,196.12,Q3
2024-07-25,Gizmo Pro,Gizmos,South,78,190.78,14880.84,Q3
2024-07-26,Gadget Y,Gadgets,West,29,74.84,2170.36,Q3
2024-07-26,Gizmo Pro,Gizmos,East,102,110.06,11226.12,Q3
2024-07-27,Gadget Y,Gadgets,East,15,84.93,1273.95,Q3
2024-07-27,Gizmo Lite,Gizmos,East,46,146.44,6736.24,Q3
2024-07-27,Gadget X,Gadgets,East,45,166.25,7481.25,Q3
2024-07-27,Gizmo Pro,Gizmos,East,45,56.26,2531.7,Q3
2024-07-28,Gadget Y,Gadgets,East,21,101.04,2121.84,Q3
2024-07-28,Widget B,Widgets,West,14,102.32,1432.48,Q3
2024-07-28,Gizmo Pro,Gizmos,East,138,68.39,9437.82,Q3
2024-07-29,Gadget X,Gadgets,West,8,69.15,553.2,Q3
2024-07-29,Gizmo Lite,Gizmos,North,18,85.98,1547.64,Q3
2024-07-29,Gadget Y,Gadgets,East,26,33.16,862.16,Q3
2024-07-29,Gadget Y,Gadgets,East,10,161.96,1619.6,Q3
2024-07-30,Widget A,Widgets,West,42,45.19,1897.98,Q3
2024-07-30,Gadget Y,Gadgets,East,20,101.87,2037.4,Q3
2024-07-30,Gizmo Lite,Gizmos,North,1,80.97,80.97,Q3
2024-07-31,Gadget X,Gadgets,South,13,124.31,1616.03,Q3
2024-07-31,Gizmo Pro,Gizmos,South,66,122.77,8102.82,Q3
2024-08-01,Widget B,Widgets,North,24,88.1,2114.4,Q3
2024-08-02,Widget A,Widgets,West,26,58.57,1522.82,Q3
2024-08-02,Widget B,Widgets,West,24,166.3,3991.2,Q3
2024-08-03,Widget B,Widgets,West,25,28.15,703.75,Q3
2024-08-03,Widget B,Widgets,North,33,90.55,2988.15,Q3
2024-08-03,Widget A,Widgets,North,35,175.16,6130.6,Q3
2024-08-04,Gizmo Pro,Gizmos,North,51,43.9,2238.9,Q3
2024-08-04,Gadget X,Gadgets,East,28,49.18,1377.04,Q3
2024-08-04,Widget B,Widgets,North,9,84.27,758.43,Q3
2024-08-05,Gizmo Lite,Gizmos,East,25,197.68,4942.0,Q3
2024-08-06,Gizmo Pro,Gizmos,South,54,86.82,4688.28,Q3
2024-08-06,Gizmo Pro,Gizmos,East,117,147.66,17276.22,Q3
2024-08-06,Gadget Y,Gadgets,South,46,29.78,1369.88,Q3
2024-08-07,Widget B,Widgets,South,32,62.09,1986.88,Q3
2024-08-07,Gadget Y,Gadgets,West,40,132.61,5304.4,Q3
2024-08-08,Widget A,Widgets,South,8,79.72,637.76,Q3
2024-08-08,Widget A,Widgets,North,39,23.19,904.41,Q3
2024-08-08,Gadget Y,Gadgets,West,2,137.22,274.44,Q3
2024-08-09,Gizmo Pro,Gizmos,South,24,177.22,4253.28,Q3
2024-08-09,Gadget X,Gadgets,East,44,71.62,3151.28,Q3
2024-08-09,Gizmo Lite,Gizmos,West,6,19.94,119.64,Q3
2024-08-10,Gizmo Lite,Gizmos,East,17,199.14,3385.38,Q3
2024-08-10,Gizmo Lite,Gizmos,South,8,120.29,962.32,Q3
2024-08-11,Gizmo Pro,Gizmos,East,39,130.64,5094.96,Q3
2024-08-11,Widget A,Widgets,South,16,87.8,1404.8,Q3
2024-08-11,Widget A,Widgets,West,16,10.23,163.68,Q3
2024-08-11,Gadget Y,Gadgets,West,8,161.14,1289.12,Q3
2024-08-12,Gizmo Pro,Gizmos,West,69,85.87,5925.03,Q3
2024-08-12,Gizmo Lite,Gizmos,West,5,150.06,750.3,Q3
2024-08-13,Widget A,Widgets,South,30,108.98,3269.4,Q3
2024-08-13,Gizmo Lite,Gizmos,West,18,159.7,2874.6,Q3
2024-08-13,Widget A,Widgets,West,16,106.3,1700.8,Q3
2024-08-13,Widget B,Widgets,East,14,32.35,452.9,Q3
2024-08-14,Gizmo Pro,Gizmos,South,6,82.37,494.22,Q3
2024-08-14,Gadget X,Gadgets,East,9,106.85,961.65,Q3
2024-08-15,Gizmo Lite,Gizmos,South,23,189.05,4348.15,Q3
2024-08-15,Gizmo Lite,Gizmos,East,35,159.39,5578.65,Q3
2024-08-15,Gizmo Lite,Gizmos,West,37,84.3,3119.1,Q3
2024-08-15,Widget A,Widgets,North,42,112.55,4727.1,Q3
2024-08-16,Gizmo Lite,Gizmos,South,24,111.17,2668.08,Q3
2024-08-16,Gizmo Lite,Gizmos,West,3,160.11,480.33,Q3
2024-08-16,Gizmo Lite,Gizmos,East,9,71.28,641.52,Q3
2024-08-17,Gadget X,Gadgets,South,2,52.49,104.98,Q3
2024-08-17,Gadget Y,Gadgets,North,18,131.78,2372.04,Q3
2024-08-18,Widget A,Widgets,South,33,185.32,6115.56,Q3
2024-08-18,Widget A,Widgets,South,46,180.67,8310.82,Q3
2024-08-19,Gadget Y,Gadgets,South,3,191.03,573.09,Q3
2024-08-20,Gizmo Pro,Gizmos,South,102,22.95,2340.9,Q3
2024-08-21,Widget A,Widgets,West,15,192.99,2894.85,Q3
2024-08-21,Gadget Y,Gadgets,West,32,33.19,1062.08,Q3
2024-08-21,Gizmo Pro,Gizmos,South,93,106.17,9873.81,Q3
2024-08-21,Gizmo Pro,Gizmos,East,18,10.06,181.08,Q3
2024-08-22,Widget B,Widgets,East,23,38.88,894.24,Q3
2024-08-22,Gizmo Pro,Gizmos,North,57,46.44,2647.08,Q3
2024-08-23,Gizmo Lite,Gizmos,East,11,153.31,1686.41,Q3
2024-08-23,Widget A,Widgets,East,23,55.44,1275.12,Q3
2024-08-24,Widget A,Widgets,East,28,67.62,1893.36,Q3
2024-08-25,Gadget Y,Gadgets,East,33,106.79,3524.07,Q3
2024-08-25,Widget A,Widgets,West,37,126.89,4694.93,Q3
2024-08-25,Gizmo Pro,Gizmos,East,108,110.14,11895.12,Q3
2024-08-26,Gizmo Pro,Gizmos,West,105,79.87,8386.35,Q3
2024-08-26,Gizmo Lite,Gizmos,North,14,43.61,610.54,Q3
2024-08-27,Gizmo Pro,Gizmos,North,6,35.42,212.52,Q3
2024-08-27,Gizmo Lite,Gizmos,South,38,59.36,2255.68,Q3
2024-08-28,Widget B,Widgets,North,39,127.6,4976.4,Q3
2024-08-28,Gizmo Pro,Gizmos,North,78,55.83,4354.74,Q3
2024-08-28,Gizmo Pro,Gizmos,West,54,22.28,1203.12,Q3
2024-08-29,Widget A,Widgets,East,35,60.51,2117.85,Q3
2024-08-29,Gizmo Pro,Gizmos,South,78,34.17,2665.26,Q3
2024-08-29,Gadget Y,Gadgets,West,48,150.1,7204.8,Q3
2024-08-29,Gadget X,Gadgets,North,41,126.68,5193.88,Q3
2024-08-30,Widget B,Widgets,North,21,191.68,4025.28,Q3
2024-08-30,Widget A,Widgets,North,17,135.15,2297.55,Q3
2024-08-31,Widget B,Widgets,South,48,58.39,2802.72,Q3
2024-09-01,Widget B,Widgets,East,40,97.68,3907.2,Q3
2024-09-01,Widget B,Widgets,West,8,180.07,1440.56,Q3
2024-09-02,Widget A,Widgets,East,23,108.5,2495.5,Q3
2024-09-03,Gadget Y,Gadgets,West,1,94.22,94.22,Q3
2024-09-04,Widget A,Widgets,North,23,146.1,3360.3,Q3
2024-09-05,Gadget X,Gadgets,West,24,16.76,402.24,Q3
2024-09-05,Gizmo Pro,Gizmos,South,120,77.12,9254.4,Q3
2024-09-05,Gadget Y,Gadgets,East,11,194.44,2138.84,Q3
2024-09-06,Gadget X,Gadgets,South,28,77.42,2167.76,Q3
2024-09-06,Gizmo Pro,Gizmos,West,15,135.46,2031.9,Q3
2024-09-06,Widget B,Widgets,West,38,25.7,976.6,Q3
2024-09-07,Widget A,Widgets,West,31,158.67,4918.77,Q3
2024-09-07,Widget A,Widgets,South,9,82.57,743.13,Q3
2024-09-07,Gadget X,Gadgets,West,49,58.53,2867.97,Q3
2024-09-07,Gizmo Lite,Gizmos,South,41,132.34,5425.94,Q3
2024-09-08,Gizmo Lite,Gizmos,West,10,161.76,1617.6,Q3
2024-09-08,Gadget X,Gadgets,North,40,31.65,1266.0,Q3
2024-09-08,Gizmo Pro,Gizmos,West,96,152.13,14604.48,Q3
2024-09-09,Gadget Y,Gadgets,East,34,34.34,1167.56,Q3
2024-09-09,Widget A,Widgets,North,40,123.72,4948.8,Q3
2024-09-09,Widget A,Widgets,West,40,92.09,3683.6,Q3
2024-09-09,Widget B,Widgets,West,25,41.1,1027.5,Q3
2024-09-10,Gadget Y,Gadgets,East,21,138.44,2907.24,Q3
2024-09-10,Gizmo Lite,Gizmos,East,49,132.7,6502.3,Q3
2024-09-11,Gizmo Lite,Gizmos,North,39,170.84,6662.76,Q3
2024-09-11,Widget B,Widgets,North,21,153.46,3222.66,Q3
2024-09-12,Gizmo Lite,Gizmos,East,40,115.98,4639.2,Q3
2024-09-12,Gadget Y,Gadgets,South,32,43.71,1398.72,Q3
2024-09-13,Gadget X,Gadgets,North,25,188.1,4702.5,Q3
2024-09-13,Gizmo Pro,Gizmos,North,54,30.51,1647.54,Q3
2024-09-14,Gadget Y,Gadgets,East,27,193.37,5220.99,Q3
2024-09-14,Gadget X,Gadgets,North,23,169.73,3903.79,Q3
2024-09-14,Gizmo Lite,Gizmos,North,43,154.06,6624.58,Q3
2024-09-15,Gadget X,Gadgets,South,19,38.8,737.2,Q3
2024-09-15,Gadget Y,Gadgets,North,47,176.66,8303.02,Q3
2024-09-15,Widget B,Widgets,West,16,164.23,2627.68,Q3
2024-09-15,Gizmo Pro,Gizmos,West,9,198.44,1785.96,Q3
2024-09-16,Widget B,Widgets,South,34,48.77,1658.18,Q3
2024-09-16,Gizmo Pro,Gizmos,East,138,127.04,17531.52,Q3
2024-09-16,Widget B,Widgets,North,41,81.3,3333.3,Q3
2024-09-17,Gadget Y,Gadgets,South,22,171.13,3764.86,Q3
2024-09-17,Gizmo Lite,Gizmos,South,12,151.69,1820.28,Q3
2024-09-17,Widget A,Widgets,West,34,154.15,5241.1,Q3
2024-09-17,Gadget X,Gadgets,East,16,38.29,612.64,Q3
2024-09-18,Gadget X,Gadgets,East,37,33.7,1246.9,Q3
2024-09-18,Gizmo Pro,Gizmos,West,12,147.19,1766.28,Q3
2024-09-19,Gadget X,Gadgets,North,26,84.39,2194.14,Q3
2024-09-19,Gizmo Lite,Gizmos,South,40,43.89,1755.6,Q3
2024-09-20,Gizmo Lite,Gizmos,North,4,44.45,177.8,Q3
2024-09-20,Gadget Y,Gadgets,West,17,121.76,2069.92,Q3
2024-09-21,Gizmo Lite,Gizmos,West,3,22.32,66.96,Q3
2024-09-22,Gadget Y,Gadgets,West,4,20.03,80.12,Q3
2024-09-22,Widget B,Widgets,East,30,162.95,4888.5,Q3
2024-09-23,Gadget Y,Gadgets,South,19,104.67,1988.73,Q3
2024-09-23,Gadget X,Gadgets,West,22,142.13,3126.86,Q3
2024-09-23,Gizmo Lite,Gizmos,West,38,49.87,1895.06,Q3
2024-09-23,Gadget X,Gadgets,South,48,80.96,3886.08,Q3
2024-09-24,Widget A,Widgets,West,33,26.83,885.39,Q3
2024-09-24,Widget A,Widgets,East,28,149.78,4193.84,Q3
2024-09-24,Widget A,Widgets,South,45,42.96,1933.2,Q3
2024-09-25,Gadget Y,Gadgets,East,48,43.87,2105.76,Q3
2024-09-25,Gizmo Lite,Gizmos,East,47,169.56,7969.32,Q3
2024-09-25,Widget A,Widgets,North,26,121.68,3163.68,Q3
2024-09-25,Gadget Y,Gadgets,North,10,73.56,735.6,Q3
2024-09-26,Widget A,Widgets,North,30,168.02,5040.6,Q3
2024-09-26,Gizmo Lite,Gizmos,East,17,186.63,3172.71,Q3
2024-09-26,Gizmo Pro,Gizmos,South,57,59.27,3378.39,Q3
2024-09-27,Gadget X,Gadgets,North,5,169.97,849.85,Q3
2024-09-27,Gadget Y,Gadgets,West,49,92.68,4541.32,Q3
2024-09-28,Gadget Y,Gadgets,South,6,129.92,779.52,Q3
2024-09-29,Widget B,Widgets,North,35,93.0,3255.0,Q3
2024-09-29,Gadget Y,Gadgets,South,6,20.88,125.28,Q3
2024-09-29,Gadget Y,Gadgets,East,44,35.72,1571.68,Q3
2024-09-30,Widget A,Widgets,West,36,12.55,451.8,Q3
2024-09-30,Gadget Y,Gadgets,West,42,63.62,2672.04,Q3
2024-09-30,Gadget X,Gadgets,South,28,159.55,4467.4,Q3
2024-09-30,Gizmo Lite,Gizmos,North,31,95.45,2958.95,Q3
2024-10-01,Gadget Y,Gadgets,West,9,102.64,923.76,Q4
2024-10-01,Gadget X,Gadgets,East,20,127.74,2554.8,Q4
2024-10-02,Gizmo Pro,Gizmos,East,4,69.89,279.56,Q4
2024-10-03,Gizmo Lite,Gizmos,West,15,14.15,212.25,Q4
2024-10-03,Gadget X,Gadgets,West,20,34.32,686.4,Q4
2024-10-03,Gizmo Pro,Gizmos,West,42,167.29,7026.18,Q4
2024-10-04,Gizmo Lite,Gizmos,South,37,196.45,7268.65,Q4
2024-10-04,Gizmo Pro,Gizmos,North,3,147.78,443.34,Q4
2024-10-04,Widget A,Widgets,North,19,68.65,1304.35,Q4
2024-10-04,Gadget Y,Gadgets,North,41,14.19,581.79,Q4
2024-10-05,Widget B,Widgets,North,7,139.91,979.37,Q4
2024-10-05,Widget A,Widgets,South,24,31.81,763.44,Q4
2024-10-05,Gadget Y,Gadgets,South,43,22.86,982.98,Q4
2024-10-05,Widget A,Widgets,South,17,126.45,2149.65,Q4
2024-10-06,Widget B,Widgets,North,1,91.44,91.44,Q4
2024-10-06,Widget B,Widgets,South,22,171.5,3773.0,Q4
2024-10-07,Widget B,Widgets,North,16,88.24,1411.84,Q4
2024-10-07,Gizmo Lite,Gizmos,West,12,21.83,261.96,Q4
2024-10-08,Gadget Y,Gadgets,East,10,195.83,1958.3,Q4
2024-10-08,Widget A,Widgets,West,32,59.14,1892.48,Q4
2024-10-09,Gadget Y,Gadgets,East,46,153.28,7050.88,Q4
2024-10-09,Gizmo Pro,Gizmos,West,15,177.12,2656.8,Q4
2024-10-10,Gadget X,Gadgets,West,41,116.43,4773.63,Q4
2024-10-10,Widget B,Widgets,North,49,15.16,742.84,Q4
2024-10-11,Gizmo Lite,Gizmos,North,3,182.75,548.25,Q4
2024-10-11,Widget B,Widgets,West,35,30.04,1051.4,Q4
2024-10-11,Widget A,Widgets,East,43,157.37,6766.91,Q4
2024-10-11,Gadget X,Gadgets,West,12,109.43,1313.16,Q4
2024-10-12,Gadget Y,Gadgets,North,41,119.74,4909.34,Q4
2024-10-12,Widget A,Widgets,South,47,47.21,2218.87,Q4
2024-10-12,Widget B,Widgets,South,42,95.04,3991.68,Q4
2024-10-12,Gadget Y,Gadgets,East,2,70.18,140.36,Q4
2024-10-13,Gadget X,Gadgets,West,27,62.61,1690.47,Q4
2024-10-14,Widget A,Widgets,West,28,48.38,1354.64,Q4
2024-10-14,Gizmo Pro,Gizmos,East,32,134.32,4298.24,Q4
2024-10-15,Gadget Y,Gadgets,South,30,126.91,3807.3,Q4
2024-10-16,Widget A,Widgets,East,12,150.55,1806.6,Q4
2024-10-16,Widget A,Widgets,North,45,196.98,8864.1,Q4
2024-10-16,Gizmo Lite,Gizmos,West,13,71.37,927.81,Q4
2024-10-17,Widget B,Widgets,West,31,134.67,4174.77,Q4
2024-10-17,Gadget X,Gadgets,North,5,116.35,581.75,Q4
2024-10-18,Widget A,Widgets,South,20,179.15,3583.0,Q4
2024-10-18,Gizmo Lite,Gizmos,West,5,194.96,974.8,Q4
2024-10-18,Gizmo Pro,Gizmos,South,9,165.62,1490.58,Q4
2024-10-18,Gizmo Lite,Gizmos,North,19,154.32,2932.08,Q4
2024-10-19,Widget B,Widgets,North,47,133.82,6289.54,Q4
2024-10-19,Gizmo Pro,Gizmos,East,24,103.9,2493.6,Q4
2024-10-19,Gadget Y,Gadgets,West,28,109.83,3075.24,Q4
2024-10-20,Gadget Y,Gadgets,North,26,29.12,757.12,Q4
2024-10-21,Gadget Y,Gadgets,East,34,76.11,2587.74,Q4
2024-10-21,Widget B,Widgets,West,11,133.72,1470.92,Q4
2024-10-21,Gizmo Lite,Gizmos,East,17,169.88,2887.96,Q4
2024-10-22,Gadget X,Gadgets,North,35,15.91,556.85,Q4
2024-10-22,Widget B,Widgets,West,2,69.83,139.66,Q4
2024-10-23,Gizmo Lite,Gizmos,North,9,134.5,1210.5,Q4
2024-10-23,Gadget X,Gadgets,East,4,174.61,698.44,Q4
2024-10-23,Gizmo Lite,Gizmos,East,15,50.4,756.0,Q4
2024-10-23,Widget A,Widgets,West,46,154.26,7095.96,Q4
2024-10-24,Widget A,Widgets,West,39,163.41,6372.99,Q4
2024-10-24,Gizmo Pro,Gizmos,North,15,59.45,891.75,Q4
2024-10-24,Gizmo Lite,Gizmos,East,27,116.48,3144.96,Q4
2024-10-24,Widget B,Widgets,West,46,97.47,4483.62,Q4
2024-10-25,Gizmo Lite,Gizmos,East,35,88.42,3094.7,Q4
2024-10-26,Gadget X,Gadgets,West,20,13.42,268.4,Q4
2024-10-26,Gizmo Lite,Gizmos,South,26,193.59,5033.34,Q4
2024-10-27,Widget A,Widgets,East,19,194.83,3701.77,Q4
2024-10-27,Widget B,Widgets,West,19,162.93,3095.67,Q4
2024-10-27,Gizmo Pro,Gizmos,North,7,128.06,896.42,Q4
2024-10-27,Gadget X,Gadgets,South,19,175.82,3340.58,Q4
2024-10-28,Gizmo Lite,Gizmos,South,36,28.34,1020.24,Q4
2024-10-28,Widget A,Widgets,North,33,99.07,3269.31,Q4
2024-10-28,Gizmo Lite,Gizmos,North,11,24.11,265.21,Q4
2024-10-28,Gadget X,Gadgets,West,14,151.21,2116.94,Q4
2024-10-29,Gadget Y,Gadgets,North,28,171.93,4814.04,Q4
2024-10-29,Gizmo Pro,Gizmos,West,46,74.68,3435.28,Q4
2024-10-29,Gizmo Pro,Gizmos,West,49,64.21,3146.29,Q4
2024-10-30,Gadget X,Gadgets,East,46,172.58,7938.68,Q4
2024-10-30,Gizmo Pro,Gizmos,North,5,57.94,289.7,Q4
2024-10-30,Gadget X,Gadgets,North,44,31.84,1400.96,Q4
2024-10-31,Gizmo Pro,Gizmos,North,9,137.15,1234.35,Q4
2024-11-01,Widget A,Widgets,East,8,108.31,866.48,Q4
2024-11-01,Gadget Y,Gadgets,East,12,98.24,1178.88,Q4
2024-11-02,Gadget X,Gadgets,South,26,41.32,1074.32,Q4
2024-11-03,Gizmo Pro,Gizmos,North,38,122.42,4651.96,Q4
2024-11-03,Gadget X,Gadgets,West,4,138.52,554.08,Q4
2024-11-03,Gadget Y,Gadgets,North,4,83.06,332.24,Q4
2024-11-03,Gadget X,Gadgets,West,22,59.91,1318.02,Q4
2024-11-04,Gadget X,Gadgets,East,41,106.19,4353.79,Q4
2024-11-04,Gizmo Lite,Gizmos,South,6,179.38,1076.28,Q4
2024-11-05,Gizmo Pro,Gizmos,East,12,124.77,1497.24,Q4
2024-11-06,Gadget X,Gadgets,North,42,194.59,8172.78,Q4
2024-11-06,Gizmo Pro,Gizmos,South,49,128.28,6285.72,Q4
2024-11-06,Gadget X,Gadgets,West,48,63.33,3039.84,Q4
2024-11-06,Widget A,Widgets,North,13,112.03,1456.39,Q4
2024-11-07,Widget A,Widgets,West,8,16.98,135.84,Q4
2024-11-07,Widget A,Widgets,North,26,97.94,2546.44,Q4
2024-11-08,Gizmo Lite,Gizmos,South,42,65.76,2761.92,Q4
2024-11-09,Widget A,Widgets,North,24,26.55,637.2,Q4
2024-11-10,Gizmo Pro,Gizmos,East,39,119.21,4649.19,Q4
2024-11-11,Gadget X,Gadgets,North,46,198.64,9137.44,Q4
2024-11-12,Gizmo Lite,Gizmos,West,45,84.97,3823.65,Q4
2024-11-12,Gadget X,Gadgets,North,12,177.63,2131.56,Q4
2024-11-12,Gizmo Pro,Gizmos,West,45,125.5,5647.5,Q4
2024-11-13,Gizmo Pro,Gizmos,South,26,191.46,4977.96,Q4
2024-11-14,Widget A,Widgets,South,27,10.4,280.8,Q4
2024-11-15,Widget A,Widgets,South,47,175.6,8253.2,Q4
2024-11-16,Gadget Y,Gadgets,West,30,162.07,4862.1,Q4
2024-11-16,Widget B,Widgets,West,37,32.99,1220.63,Q4
2024-11-17,Gadget Y,Gadgets,South,49,23.49,1151.01,Q4
2024-11-17,Gadget X,Gadgets,South,15,152.47,2287.05,Q4
2024-11-17,Gizmo Pro,Gizmos,East,41,132.83,5446.03,Q4
2024-11-17,Gadget X,Gadgets,South,13,11.92,154.96,Q4
2024-11-18,Gizmo Lite,Gizmos,West,9,126.39,1137.51,Q4
2024-11-18,Gadget X,Gadgets,North,20,131.2,2624.0,Q4
2024-11-18,Widget B,Widgets,West,29,22.62,655.98,Q4
2024-11-19,Widget B,Widgets,West,17,142.03,2414.51,Q4
2024-11-19,Gadget X,Gadgets,North,43,102.34,4400.62,Q4
2024-11-20,Widget B,Widgets,North,37,33.37,1234.69,Q4
2024-11-20,Widget A,Widgets,South,23,165.18,3799.14,Q4
2024-11-20,Gadget Y,Gadgets,South,21,141.57,2972.97,Q4
2024-11-21,Gadget X,Gadgets,North,45,62.32,2804.4,Q4
2024-11-21,Gizmo Lite,Gizmos,South,30,94.82,2844.6,Q4
2024-11-21,Gadget X,Gadgets,East,3,172.94,518.82,Q4
2024-11-21,Widget A,Widgets,West,23,70.58,1623.34,Q4
2024-11-22,Widget B,Widgets,West,36,84.67,3048.12,Q4
2024-11-22,Widget B,Widgets,West,28,91.8,2570.4,Q4
2024-11-22,Gizmo Pro,Gizmos,West,1,75.72,75.72,Q4
2024-11-22,Gadget X,Gadgets,South,29,108.28,3140.12,Q4
2024-11-23,Gadget X,Gadgets,East,43,83.32,3582.76,Q4
2024-11-23,Gizmo Lite,Gizmos,South,11,69.13,760.43,Q4
2024-11-23,Gizmo Pro,Gizmos,West,8,79.27,634.16,Q4
2024-11-23,Gadget Y,Gadgets,West,38,96.26,3657.88,Q4
2024-11-24,Gizmo Pro,Gizmos,West,5,53.41,267.05,Q4
2024-11-25,Gadget X,Gadgets,South,11,35.8,393.8,Q4
2024-11-25,Gadget X,Gadgets,West,46,15.88,730.48,Q4
2024-11-25,Gadget X,Gadgets,South,42,85.13,3575.46,Q4
2024-11-26,Gizmo Pro,Gizmos,South,15,102.69,1540.35,Q4
2024-11-26,Gizmo Pro,Gizmos,North,37,191.62,7089.94,Q4
2024-11-26,Gadget X,Gadgets,South,23,94.38,2170.74,Q4
2024-11-27,Widget A,Widgets,East,49,26.76,1311.24,Q4
2024-11-27,Gizmo Lite,Gizmos,West,17,83.25,1415.25,Q4
2024-11-27,Gizmo Lite,Gizmos,North,4,196.22,784.88,Q4
2024-11-27,Widget A,Widgets,South,13,112.92,1467.96,Q4
2024-11-28,Gadget X,Gadgets,South,23,93.68,2154.64,Q4
2024-11-29,Gizmo Pro,Gizmos,East,49,106.41,5214.09,Q4
2024-11-29,Gadget Y,Gadgets,East,21,193.62,4066.02,Q4
2024-11-30,Gadget X,Gadgets,West,1,120.29,120.29,Q4
2024-11-30,Gizmo Pro,Gizmos,South,35,38.6,1351.0,Q4
2024-11-30,Gadget X,Gadgets,North,36,86.34,3108.24,Q4
2024-11-30,Gadget X,Gadgets,North,18,128.45,2312.1,Q4
2024-12-01,Widget B,Widgets,North,19,48.25,916.75,Q4
2024-12-01,Gadget Y,Gadgets,West,5,100.35,501.75,Q4
2024-12-01,Gizmo Lite,Gizmos,East,19,35.15,667.85,Q4
2024-12-01,Gizmo Pro,Gizmos,North,34,147.21,5005.14,Q4
2024-12-02,Gadget Y,Gadgets,East,21,151.71,3185.91,Q4
2024-12-02,Gadget Y,Gadgets,West,5,160.9,804.5,Q4
2024-12-02,Widget A,Widgets,South,46,16.55,761.3,Q4
2024-12-03,Gadget X,Gadgets,West,19,107.45,2041.55,Q4
2024-12-04,Gadget Y,Gadgets,East,32,103.47,3311.04,Q4
2024-12-04,Widget B,Widgets,North,36,64.3,2314.8,Q4
2024-12-04,Gizmo Lite,Gizmos,East,24,93.83,2251.92,Q4
2024-12-04,Gadget X,Gadgets,South,17,174.46,2965.82,Q4
2024-12-05,Widget B,Widgets,East,28,167.23,4682.44,Q4
2024-12-05,Gadget Y,Gadgets,West,7,191.65,1341.55,Q4
2024-12-05,Widget A,Widgets,North,8,172.25,1378.0,Q4
2024-12-06,Widget A,Widgets,East,33,179.69,5929.77,Q4
2024-12-07,Gizmo Lite,Gizmos,North,3,95.18,285.54,Q4
2024-12-07,Gizmo Lite,Gizmos,South,31,149.47,4633.57,Q4
2024-12-07,Gizmo Lite,Gizmos,East,29,15.8,458.2,Q4
2024-12-08,Widget B,Widgets,North,42,130.18,5467.56,Q4
2024-12-08,Gadget Y,Gadgets,East,2,73.35,146.7,Q4
2024-12-09,Gizmo Lite,Gizmos,East,30,11.68,350.4,Q4
2024-12-09,Widget B,Widgets,West,8,198.98,1591.84,Q4
2024-12-09,Gizmo Lite,Gizmos,West,7,18.39,128.73,Q4
2024-12-09,Widget A,Widgets,North,37,150.69,5575.53,Q4
2024-12-10,Gizmo Pro,Gizmos,West,9,155.56,1400.04,Q4
2024-12-11,Widget B,Widgets,South,40,85.83,3433.2,Q4
2024-12-11,Gizmo Lite,Gizmos,South,14,87.43,1224.02,Q4
2024-12-11,Gizmo Lite,Gizmos,East,11,76.28,839.08,Q4
2024-12-12,Gadget Y,Gadgets,South,13,190.06,2470.78,Q4
2024-12-12,Gizmo Pro,Gizmos,West,19,109.29,2076.51,Q4
2024-12-13,Widget A,Widgets,West,34,160.96,5472.64,Q4
2024-12-13,Gizmo Lite,Gizmos,North,2,23.85,47.7,Q4
2024-12-14,Gadget Y,Gadgets,West,34,63.39,2155.26,Q4
2024-12-14,Gizmo Lite,Gizmos,East,27,14.19,383.13,Q4
2024-12-14,Gizmo Pro,Gizmos,North,39,52.95,2065.05,Q4
2024-12-14,Gizmo Lite,Gizmos,North,13,124.66,1620.58,Q4
2024-12-15,Widget A,Widgets,North,25,33.35,833.75,Q4
2024-12-15,Gizmo Lite,Gizmos,West,10,121.31,1213.1,Q4
2024-12-15,Gizmo Lite,Gizmos,South,20,139.7,2794.0,Q4
2024-12-16,Gadget Y,Gadgets,West,46,166.28,7648.88,Q4
2024-12-16,Gizmo Lite,Gizmos,North,30,108.83,3264.9,Q4
2024-12-17,Widget B,Widgets,South,12,104.37,1252.44,Q4
2024-12-17,Widget B,Widgets,East,18,166.52,2997.36,Q4
2024-12-17,Gadget X,Gadgets,East,41,152.24,6241.84,Q4
2024-12-18,Widget A,Widgets,West,29,18.9,548.1,Q4
2024-12-19,Gizmo Lite,Gizmos,South,17,21.91,372.47,Q4
2024-12-19,Widget A,Widgets,North,6,56.9,341.4,Q4
2024-12-20,Gizmo Pro,Gizmos,North,28,29.36,822.08,Q4
2024-12-20,Gadget X,Gadgets,South,19,117.35,2229.65,Q4
2024-12-20,Gadget Y,Gadgets,East,4,159.9,639.6,Q4
2024-12-20,Gadget X,Gadgets,South,13,90.25,1173.25,Q4
2024-12-21,Gadget Y,Gadgets,East,37,32.04,1185.48,Q4
2024-12-21,Widget B,Widgets,East,29,83.65,2425.85,Q4
2024-12-21,Widget A,Widgets,North,10,36.43,364.3,Q4
2024-12-21,Gizmo Pro,Gizmos,North,43,136.61,5874.23,Q4
2024-12-22,Gadget Y,Gadgets,East,11,190.65,2097.15,Q4
2024-12-22,Widget A,Widgets,West,30,61.1,1833.0,Q4
2024-12-22,Gadget X,Gadgets,South,19,132.39,2515.41,Q4
2024-12-22,Widget A,Widgets,East,37,104.73,3875.01,Q4
2024-12-23,Widget A,Widgets,South,35,96.96,3393.6,Q4
2024-12-23,Gizmo Lite,Gizmos,West,35,80.26,2809.1,Q4
2024-12-23,Widget A,Widgets,North,13,89.14,1158.82,Q4
2024-12-23,Gadget Y,Gadgets,North,31,146.73,4548.63,Q4
2024-12-24,Gizmo Lite,Gizmos,South,11,148.79,1636.69,Q4
2024-12-25,Gadget Y,Gadgets,North,45,153.26,6896.7,Q4
2024-12-26,Widget A,Widgets,West,24,186.85,4484.4,Q4
2024-12-26,Widget B,Widgets,West,3,69.97,209.91,Q4
2024-12-27,Gizmo Pro,Gizmos,South,28,145.51,4074.28,Q4
2024-12-27,Widget A,Widgets,East,36,26.21,943.56,Q4
2024-12-27,Gadget X,Gadgets,South,13,21.04,273.52,Q4
2024-12-27,Gizmo Lite,Gizmos,East,10,113.32,1133.2,Q4
2024-12-28,Widget B,Widgets,South,46,55.96,2574.16,Q4
2024-12-29,Widget B,Widgets,South,22,144.78,3185.16,Q4
2024-12-29,Widget B,Widgets,East,35,103.64,3627.4,Q4
2024-12-29,Gizmo Lite,Gizmos,West,17,182.15,3096.55,Q4
2024-12-29,Gizmo Pro,Gizmos,South,43,176.75,7600.25,Q4
2024-12-30,Widget B,Widgets,East,38,154.84,5883.92,Q4
2024-12-30,Gadget Y,Gadgets,West,16,156.86,2509.76,Q4
2024-12-30,Gadget Y,Gadgets,North,12,33.85,406.2,Q4
2024-12-30,Widget B,Widgets,South,47,163.36,7677.92,Q4
2024-12-31,Gizmo Lite,Gizmos,North,7,13.33,93.31,Q4
